{"cameraMode":{"drawMode":0,"name":"Shaded","section":"Shading Mode"},"sceneLighting":true,"audioPlay":false,"sceneViewState":{"showFog":false,"showMaterialUpdate":false,"showSkybox":true,"showFlares":false,"showImageEffects":false,"showParticleSystems":false},"in2DMode":false,"pivot":{"x":4.128198623657227,"y":66.16548156738281,"z":166.03736877441407},"rotation":{"x":-0.10519044101238251,"y":0.23232777416706086,"z":-0.024966171011328698,"w":-0.966728687286377},"size":0.5743969678878784,"orthographic":false}